code;smiles;cation;anion;MP
im;[nH+]c[nH]1;n-1ph,14,1,1;van;320.5
im-1;Cn1cc[nH+]c1;n-1,1,1,1;val;313.2
im-2;CCn1cc[nH+]c1;n-4,4,4,4;val;298.2
im-4;CCCCn1cc[nH+]c1;p-4,4,4,4;val;298.9
im-6;CCCCCCn1cc[nH+]c1;n-5,5,5,5;tsac;289.2
im-1,1[2];Cc1[nH]cc[n+]1C;p-6,1,1,1;tsac;280.5
im-1,s4[2];CCCCSc1[nH+]ccn1C;im-2,1;tfpb;407.2
im-1,1;Cn1cc[n+](C)c1;im-4,1;tfpb;377.2
im-2,1;CCn1cc[n+](C)c1;im-5,1;tfpb;355.2
im-2,1,1;CCn1cc[n+](C)c1C;im-6,1;tfpb;355.2
im-2,2;CCn1cc[n+](CC)c1;im-7,1;tfpb;342.2
im-2,2,1;CCn1cc[n+](CC)c1C;im-8,1;tfpb;348.2
im-2,1,1[5];CCn1c[n+](C)cc1C;im-10,1;tfpb;358.2
im-2,2,1[5];CCn1c[n+](CC)cc1C;im-12,1;tfpb;345.2
im-3,1;CCC[n+]1ccn(C)c1;py-12;tfpb;337.2
im-3i,1;CC(C)[n+]1ccn(C)c1;quini-18;tfpb;304.2
im-3,3;CCCn1cc[n+](CCC)c1;n-8,8,8,1;tfpb;309.2
im-3,1,1;CCC[n+]1ccn(C)c1C;n-4,4,4,4;tfesi;317.2
im-4,1;CCCCn1cc[n+](C)c1;pyr-3,1;tfesi;282.2
im-4,2;CCCC[n+]1ccn(CC)c1;pip-3,1;tfesi;299.2
im-4i,4i;CC(C)Cn1cc[n+](CC(C)C)c1;im-1;tfa-6[f];359.2
im-4,1,1;CCCCn1cc[n+](C)c1C;n-2;tfa-6[f];331.2
im-5,1;CCCCCn1cc[n+](C)c1;n-4;tfa-6[f];318.2
im-5i,1;CC(C)CCn1cc[n+](C)c1;im-8,1;tfa-3[f];297.2
im-6,1;CCCCCC[n+]1ccn(C)c1;py-2,1[3];tfa-3[f];275,0
im-6i,1;CC(C)CCC[n+]1ccn(C)c1;im-1;tfa-2[f];352.2
im-6,6;CCCCCCn1cc[n+](CCCCCC)c1;pyrro;tfa-2[f];281.2
im-6,1,1;CCCCCC[n+]1ccn(C)c1C;n-2;tfa-2[f];332.2
im-7,1;CCCCCCC[n+]1ccn(C)c1;n-4;tfa-2[f];326.2
im-7i,1;CC(C)CCCC[n+]1ccn(C)c1;n-2,2;tfa-2[f];318.2
im-8,1;CCCCCCCCn1cc[n+](C)c1;n-2,2,2;tfa-2[f];298.2
im-8i,8i;CCCC[C@H](CC)Cn1cc[n+](C[C@H](CC)CCCC)c1;n-2oh;tfa-2[f];314.2
im-10,1;CCCCCCCCCCn1cc[n+](C)c1;pyr;tfa-2[f];277.2
im-10,10;CCCCCCCCCCn1cc[n+](CCCCCCCCCC)c1;im-1,1;tfa;325.2
im-12,1;CCCCCCCCCCCCn1cc[n+](C)c1;im-2,1;tfa;257.833333333333
im-14,1;CCCCCCCCCCCCCCn1cc[n+](C)c1;im-2,1,1;tfa;332.2
im-18,1;CCCCCCCCCCCCCCCCCCn1cc[n+](C)c1;im-8,1;tfa;279.5
im-a,1;C[n+]1ccn(CC=C)c1;n-1;tfa;334.2
im-a,3;CCC[n+]1ccn(CC=C)c1;n-2;tfa;331.2
im-c,1,1;C\C=C\C[n+]1ccn(C)c1C;n-2oh;tfa;362.2
im-a,a;C=CCn1cc[n+](CC=C)c1;pyr;tfa;263.2
im-1cch,1;C[n+]1ccn(CC#C)c1;pip-4,1,1[3];tfa;331.2
im-1cch,1cch;C#CCn1cc[n+](CC#C)c1;pip-6,1,1[3];tfa;314.2
im-2oh,1;C[n+]1ccn(CCO)c1;azp-4,1;tfa;347.2
im-1o1,1;COCn1cc[n+](C)c1;azp-6,1;tfa;318.2
im-2o1,1;COCC[n+]1ccn(C)c1;azp-2o1,1;tfa;285.2
im-2o1,1,1;COCC[n+]1ccn(C)c1C;im-4,1;tehss;251.2
im-2o1,2,2;CCc1n(CC)cc[n+]1CCOC;im-2,1;tcb;281.5
im-2o1,3,1;CCCn1cc[n+](CCOC)c1C;im-4,1,1;tcb;336.2
im-2o1,3,2;CCCn1cc[n+](CCOC)c1CC;py;tcb;410.2
im-2o1,4,2;CCCCn1cc[n+](CCOC)c1CC;n-1,1;tcb;402.2
im-2o1,5,1;CCCCCn1cc[n+](CCOC)c1C;pyr-4,1;tcb;292.35
im-2o1,5,2;CCCCCn1cc[n+](CCOC)c1CC;pip-4,1;tcb;290.2
im-2o1,2o1,1;COCCn1cc[n+](CCOC)c1C;im-2,1;tca-1cn;298.2
im-2o1,2o1,2;CCc1n(CCOC)cc[n+]1CCOC;im-2,1;tca-1;315.2
im-2o2,2o1,1;CCOCC[n+]1ccn(CCOC)c1C;im-2,1;tca;315.2
im-1,1,1o2;CCOCc1n(C)cc[n+]1C;im-4,1;tca;293.2
im-1,1,1o3;CCCOCc1n(C)cc[n+]1C;im-4,1;so4-8;259.2
im-1o1,1,1;COC[n+]1ccn(C)c1C;im-4,1;so4-5;256.2
im-1o1,1,2;CCc1n(C)cc[n+]1COC;im-4,1;so4-4;248.2
im-1o1,2,2;CCc1n(CC)cc[n+]1COC;im-4,1,1;so4-4;320.2
im-1o1,3,1;CCCn1cc[n+](COC)c1C;pip-2,1;so4-4;316.2
im-pho1,1;COc1ccc(cc1)-[n+]1ccn(C)c1;pip-4,1;so4-4;328.2
im-1(1[f]),1;C[n+]1ccn(CC(F)(F)F)c1;mo-2,1;so4-4;292.2
im-2(6[f]),1;C[n+]1ccn(CCC(F)(F)C(F)(F)C(F)(F)C(F)(F)C(F)(F)C(F)(F)F)c1;im-4,1;so4-3,2[f];258.1
im-11[br]1n3,1;Cn1cc[n+](C[C@@H](Br)CN=[N+]=[N-])c1;im-4,1,1;so4-3,2[f];285.8
im-3cn,1;Cn1cc[n+](CCCC#N)c1;im-4,1;so4-2;330.2
im-3cn,1,1;Cc1n(C)cc[n+]1CCCC#N;py-2,cn[2];so4-2;308.2
im-3cn,3cn;N#CCCCn1cc[n+](CCCC#N)c1;n-4,2,1,1;so4-2;307,0
im-3cooh,1;C[n+]1ccn(CCCC(O)=O)c1;pyr-2,1;so4-2;296.433333333333
im-2,1,s1;CCn1cc[n+](C)c1SC;pyr-4,2;so4-2;311,0
im-2,1,s3i;CCn1cc[n+](C)c1SC(C)C;pip-2,1;so4-2;193.2
im-1tms,1,1;Cc1n(C)cc[n+]1C[Si](C)(C)C;mo-2,1;so4-2;205.2
im-2ono2,1;C[n+]1ccn(CCO[N+]([O-])=O)c1;im-2,1;so4-1,3[f],chf2;257.1
pz-2,1;CC[n+]1cccn1C;im-4,1;so4-1,3[f],chf2;212,0
pz-3,1,1[3],1[5];CCC[n+]1c(C)cc(C)n1C;im-4,1,1;so4-1,3[f],chf2;259,0
pz-ph,1,1[3],1[5];Cc1cc(C)[n+](C)n1-c1ccccc1;py-2;so4-1,3[f],chf2;262.2
pz-ph,4,1[3],1[5];CCCC[n+]1c(C)cc(C)n1-c1ccccc1;py-4;so4-1,3[f],chf2;276.3
pz-ph,5,1[3],1[5];CCCCC[n+]1c(C)cc(C)n1-c1ccccc1;n-2,2,2,2;so4-1,3[f],chf2;260.2
pz-ph,6,1[3],1[5];CCCCCC[n+]1c(C)cc(C)n1-c1ccccc1;n-4,4,4,4;so4-1,3[f],chf2;265.2
pz-ph,7,1[3],1[5];CCCCCCC[n+]1c(C)cc(C)n1-c1ccccc1;n-8,8,8,1;so4-1,3[f],chf2;271.2
pz-2o1,1;COCC[n+]1cccn1C;pipz-2,2;so4-1,3[f],chf2;266.2
trz123-8,1;CCCCCCCCn1cc[n+](C)n1;n-2,2,2,2;so4-1,1[f],chf2;264.2
trz123-10,1;CCCCCCCCCCn1cc[n+](C)n1;n-4,4,4,4;so4-1,1[f],chf2;269.2
trz123-12,1;CCCCCCCCCCCCn1cc[n+](C)n1;n-8,8,8,1;so4-1,1[f],chf2;268.2
trz123-1ph,1,ph[4];C[n+]1nn(Cc2ccccc2)cc1-c1ccccc1;n-2,2,2,2;so4-1,1[f];278.2
trz123-ph,1,6[4];CCCCCCc1cn(n[n+]1C)-c1ccccc1;n-4,4,4,4;so4-1,1[f];352.7
trz124-10,1;CCCCCCCCCCn1c[n+](C)cn1;n-8,8,8,1;so4-1,1[f];277.2
trz124-12,1;CCCCCCCCCCCCn1c[n+](C)cn1;im-1,1;so4-1;308.55
trz124-2f,7;CCCCCCCn1c[n+](CCF)cn1;im-2,1;so4-1;280.2
trz124-2f,10;CCCCCCCCCCn1c[n+](CCF)cn1;im-4,1;so4-1;258.2
trz124-2(1[f]),1;Cn1c[n+](CCC(F)(F)F)cn1;n-2,2,2,1;so4-1;298,0
trz124-2(1[f]),4;CCCCn1c[n+](CCC(F)(F)F)cn1;n-2oh;so4-1;372.2
trz124-2(1[f]),7;CCCCCCCn1c[n+](CCC(F)(F)F)cn1;pyr-1,1;so4-1;368.2
trz124-2(1[f]),10;CCCCCCCCCCn1c[n+](CCC(F)(F)F)cn1;mo-2,1;so4-1;318.2
thz-2;CC[n+]1ccsc1;im-2,1;so3-ph1;326.566666666667
py;c1cc[nH+]cc1;im-4i,4i;so3-ph1;368.2
py-1[4];Cc1cc[nH+]cc1;im-6,6;so3-ph1;340.2
py-1[2],1[4],1[6];Cc1cc(C)[nH+]c(C)c1;im-8,1;so3-ph1;370.2
py-2;CC[n+]1ccccc1;im-8i,8i;so3-ph1;329.2
py-3;CCC[n+]1ccccc1;im-10,10;so3-ph1;349.2
py-4;CCCC[n+]1ccccc1;py-1[2],1[4],1[6];so3-ph1;403.7
py-5;CCCCC[n+]1ccccc1;py-4,1[3];so3-ph1;323.7
py-6;CCCCCC[n+]1ccccc1;py-4,1[4];so3-ph1;424.8
py-7;CCCCCCC[n+]1ccccc1;py-6,1[3];so3-ph1;329.3
py-8;CCCCCCCC[n+]1ccccc1;n-2eh,2eh,1,1;so3-ph1;351.2
py-10;CCCCCCCCCC[n+]1ccccc1;n-4,4;so3-nh2;360.2
py-12;CCCCCCCCCCCC[n+]1ccccc1;im-2,1;so3-8[f];367.7
py-1ph;C(c1ccccc1)[n+]1ccccc1;n-4,4,4,4;so3-8[f];255.1
py-1ch;C(C1CCCCC1)[n+]1ccccc1;n-4,1,1,1;so3-8;484,0
py-2ono2;[O-][N+](=O)OCC[n+]1ccccc1;n-2oh,1,1,1;so3-8;390,0
py-2,1[3];CC[n+]1cccc(C)c1;n-2oh,2,1,1;so3-8;320,0
py-3,1[3];CCC[n+]1cccc(C)c1;im-2,1;so3-6;292.3
py-4,1[2];CCCC[n+]1ccccc1C;im-2,1;so3-4[f];301.2
py-4,1[3];CCCC[n+]1cccc(C)c1;im-4,1;so3-4[f];293.2
py-4,1[4];CCCC[n+]1ccc(C)cc1;im-4,2;so3-4[f];294.2
py-4,1[2],1[3];CCCC[n+]1cccc(C)c1C;im-6,1;so3-4[f];296.8
py-4,1[3],1[5];CCCC[n+]1cc(C)cc(C)c1;im-8,1;so3-4[f];306.65
py-4,1[2],1[3],1[5];CCCC[n+]1cc(C)cc(C)c1C;im-10,1;so3-4[f];307,0
py-6,1[3];CCCCCC[n+]1cccc(C)c1;py-8;so3-4[f];346.2
py-8,1[2];CCCCCCCC[n+]1ccccc1C;py-4,1[4];so3-4[f];343.2
py-8,1[4];CCCCCCCC[n+]1ccc(C)cc1;py-8,1[2];so3-4[f];351.2
py-8,1[3],1[5];CCCCCCCC[n+]1cc(C)cc(C)c1;py-8,1[4];so3-4[f];341.2
py-8,1[2],2[5];CCCCCCCC[n+]1cc(CC)ccc1C;n-4,4,4,4;so3-4[f];327.1
py-8,1[2],1[3],1[5];CCCCCCCC[n+]1cc(C)cc(C)c1C;n-2oh,1,1,1;so3-4[f];436,0
py-2oh;OCC[n+]1ccccc1;pyr-4,1;so3-4[f];632.1
py-4,coo4[3];CCCCOC(=O)c1ccc[n+](CCCC)c1;im-2,1;so3-4;277.2
py-1cn;N#CC[n+]1ccccc1;im-3,1;so3-4;320.4
py-2cn;N#CCC[n+]1ccccc1;n-4,1,1,1;so3-4;335,0
py-3cn;N#CCCC[n+]1ccccc1;n-2oh,1,1,1;so3-4;324,0
py-1cn,1[3];Cc1ccc[n+](CC#N)c1;n-2oh,2,1,1;so3-4;293,0
py-1cn,1[4];Cc1cc[n+](CC#N)cc1;im-2,1;so3-2[f];208.2
py-1cn,1[2],1[5];Cc1ccc(C)[n+](CC#N)c1;im-2,1;so3-2;302.2
py-3cn,1[2];Cc1cccc[n+]1CCCC#N;im-3,1;so3-2;292.2
py-3cn,1[4];Cc1cc[n+](CCCC#N)cc1;im-4,1;so3-2;330.5
py-3cn,2[4];CCc1cc[n+](CCCC#N)cc1;im-5,1;so3-2;327.6
py-3cn,1[2],1[5];Cc1ccc(C)[n+](CCCC#N)c1;im-6,1;so3-2;338.9
py-2,cn[2];CC[n+]1ccccc1C#N;im-4;so3-1;343.2
py-2,cn[3];CC[n+]1cccc(c1)C#N;im-6;so3-1;332.2
py-2,cn[4];CC[n+]1ccc(cc1)C#N;im-1,1;so3-1;365.3
py-4,cn[4];CCCC[n+]1ccc(cc1)C#N;im-2,1;so3-1;303.8
py-4,cn[3];CCCC[n+]1cccc(c1)C#N;im-3,1;so3-1;313,0
py-6,cn[4];CCCCCC[n+]1ccc(cc1)C#N;im-4,1;so3-1;336.05
py-8,cn[3];CCCCCCCC[n+]1cccc(c1)C#N;im-5,1;so3-1;349.9
py-8,cn[4];CCCCCCCC[n+]1ccc(cc1)C#N;im-6,1;so3-1;320.2
py-3cn,coo1[3];COC(=O)c1ccc[n+](CCCC#N)c1;im-8,1;so3-1;311.6
py-4,dma[4];CCCC[n+]1ccc(cc1)N(C)C;im-10,1;so3-1;330.6
py-6,dma[4];CCCCCC[n+]1ccc(cc1)N(C)C;n-1;so3-1;364.2
py-6,1[3],dma[4];CCCCCC[n+]1ccc(N(C)C)c(C)c1;n-2;so3-1;385.7
py-2,1[f][3];CC[n+]1cccc(c1)C(F)(F)F;n-4;so3-1;405,0
py-2,1[f][4];CC[n+]1ccc(cc1)C(F)(F)F;n-1,1;so3-1;395.3
py-10,py[4];CCCCCCCCCC[n+]1ccc(cc1)-c1ccncc1;n-2,2;so3-1;318.3
quin-6;CCCCCC[n+]1cccc2ccccc12;n-2,2,2;so3-1;296.15
quini-4;CCCC[n+]1ccc2ccccc2c1;n-2,1,1;so3-1;367.9
quini-18;CCCCCCCCCCCCCCCCCC[n+]1ccc2ccccc2c1;n-2,2,1;so3-1;302.2
qu-1,1;Cc1cc2cccc[n+]2cc1C;n-4,1,1,1;so3-1;442,0
qu-2,2;CCc1cc2cccc[n+]2cc1CC;n-4,4;so3-1;330.75
pyrro;O=C1CCC[NH2+]1;n-4,4,4;so3-1;344,0
pyrl-1,o2;CCOC1=[N+](C)CCC1;n-2oh,2oh;so3-1;302.2
pyrl-2,o1;CC[N+]1=C(CCC1)OC;n-2oh,2oh,2oh;so3-1;343.1
pyrl-2,o2;CCOC1=[N+](CC)CCC1;n-2oh,1,1,1;so3-1;393,0
epslac;O=C1CCCCC[NH2+]1;n-2oh,2,1,1;so3-1;317,0
cap-1,o2;CCOC1=[N+](C)CCCCC1;n-2o1;so3-1;335.8
n-1;C[NH3+];n-1coo6,1,1,1;so3-1;376.2
n-2;CC[NH3+];n-1coo12,1,1,1;so3-1;377.2
n-3;CCC[NH3+];n-1coo14,1,1,1;so3-1;377.2
n-4;CCCC[NH3+];n-1coo16,1,1,1;so3-1;378.2
n-4i;CC(C)C[NH3+];n-2nh2;so3-1;328.1
n-4s;CC[C@@H](C)[NH3+];pyr;so3-1;395.3
n-5;CCCCC[NH3+];im-2,1;scn;267.2
n-5i;CC[C@@H](C)C[NH3+];py-4,1[3],1[5];scn;286.2
n-1,1;C[NH2+]C;py-8,1[3],1[5];scn;235.2
n-1,1,1;C[NH+](C)C;py-8,1[2],1[3],1[5];scn;293.2
n-1,1,1,1;C[N+](C)(C)C;n-4;scn;293.7
n-2,2;CC[NH2+]CC;n-4s;scn;295.7
n-2,2,2;CC[NH+](CC)CC;n-3,3;scn;278.7
n-2,1,1;CC[NH+](C)C;n-1(1[1])coo1;scn;335.2
n-2,2,1;CC[NH+](C)CC;n-2,2;sac;351.1
n-2,1,1,1;CC[N+](C)(C)C;n-2,2,2;sac;345.2
n-2,2,2,1;CC[N+](C)(CC)CC;n-4,4;sac;361.5
n-2,2,2,2;CC[N+](CC)(CC)CC;pyr;sac;306.6
n-3,1,1,1;CCC[N+](C)(C)C;p-2,2,2,2;pyrrolide-cn[2];282,0
n-3,2,1,1;CCC[N+](C)(C)CC;p-4,2,2,2;pyrrolide-cn[2];312,0
n-3,2,2,1;CCC[N+](C)(CC)CC;p-12,2,2,2;pyrrolide-cn[2];215,0
n-3,3,2,1;CCC[N+](C)(CC)CCC;p-18,4,4,4;pyrrolide-cn[2];278,0
n-3,3;CCC[NH2+]CCC;n-2,2;po2-o4,o4;266.4
n-4,1,1,1;CCCC[N+](C)(C)C;n-4,4;po2-o4,o4;336.6
n-4,2,1,1;CCCC[N+](C)(C)CC;n-2oh,2oh;po2-o4,o4;302,0
n-4,2,2,1;CCCC[N+](C)(CC)CC;n-2oh,2oh,2oh;po2-o4,o4;316.4
n-4,2,2,2;CCCC[N+](CC)(CC)CC;n-2nh2;po2-o4,o4;254.9
n-4,4;CCCC[NH2+]CCCC;pyr;po2-o4,o4;269.5
n-4,4,4;CCCC[NH+](CCCC)CCCC;p-4,4,4,1;po2-o1,o1;290,0
n-4,3,1,1;CCCC[N+](C)(C)CCC;pyrro;ph-coo;280.2
n-4,3i,1,1;CCCC[N+](C)(C)C(C)C;epslac;ph-coo;304.2
n-4,4,4,1;CCCC[N+](C)(CCCC)CCCC;n-6,6,6,6;ph-coo;223.2
n-4,4,4,4;CCCC[N+](CCCC)(CCCC)CCCC;im-1;pf6;389.2
n-5,2,2,2;CCCCC[N+](CC)(CC)CC;im-1,1;pf6;388.2
n-5,5,5,5;CCCCC[N+](CCCCC)(CCCCC)CCCCC;im-2,1;pf6;307.2
n-6,1,1,1;CCCCCC[N+](C)(C)C;im-4,1;pf6;283.2
n-6,2,2,2;CCCCCC[N+](CC)(CC)CC;im-6,1;pf6;212.2
n-6,4,4,4;CCCCCC[N+](CCCC)(CCCC)CCCC;im-8,1;pf6;218.2
n-6,6,6,6;CCCCCC[N+](CCCCCC)(CCCCCC)CCCCCC;im-2(6[f]),1;pf6;338.9
n-7,7,7,7;CCCCCCC[N+](CCCCCCC)(CCCCCCC)CCCCCCC;im-3cn,1;pf6;345.2
n-8,1,1,1;CCCCCCCC[N+](C)(C)C;im-3cn,1,1;pf6;363.7
n-2eh,2eh,1,1;CCCC[C@H](CC)C[N+](C)(C)C[C@@H](CC)CCCC;pz-ph,1,1[3],1[5];pf6;398.3
n-8,8,8,1;CCCCCCCC[N+](C)(CCCCCCCC)CCCCCCCC;pz-ph,4,1[3],1[5];pf6;334,0
n-10,2,2,2;CCCCCCCCCC[N+](CC)(CC)CC;pz-ph,5,1[3],1[5];pf6;334.7
n-10,3i,1,1;CCCCCCCCCC[N+](C)(C)C(C)C;pz-ph,6,1[3],1[5];pf6;312.1
n-10,10,1,1;CCCCCCCCCC[N+](C)(C)CCCCCCCCCC;pz-ph,7,1[3],1[5];pf6;316.2
n-12,2,2,2;CCCCCCCCCCCC[N+](CC)(CC)CC;py-2,cn[2];pf6;438.2
n-14,2,2,2;CCCCCCCCCCCCCC[N+](CC)(CC)CC;py-2,cn[3];pf6;438.7
n-18,1,1,1;CCCCCCCCCCCCCCCCCC[N+](C)(C)C;py-2,cn[4];pf6;449.2
n-1ph,2,2,2;CC[N+](CC)(CC)Cc1ccccc1;py-4,cn[4];pf6;413.2
n-1ph,14,1,1;CCCCCCCCCCCCCC[N+](C)(C)Cc1ccccc1;py-4,cn[3];pf6;383.7
n-2oh;[NH3+]CCO;py-6,cn[4];pf6;388.2
n-2oh,2oh;OCC[NH2+]CCO;py-8,cn[4];pf6;396.2
n-2oh,2oh,2oh;OCC[NH+](CCO)CCO;n-6,4,4,4;pf6;440.2
n-2o2oh;[NH3+]CCOCCO;n-3cn,1,1,1;pf6;435.7
n-2oh,1,1,1;C[N+](C)(C)CCO;p-6,4,4,4;pf6;414.4
n-2oh,2,1,1;CC[N+](C)(C)CCO;p-8,4,4,4;pf6;293.1
n-2o1;COCC[NH3+];s-4,1,1;pf6;357.5
n-2o1,1,1,1;COCC[N+](C)(C)C;s-6,1,1;pf6;406.2
n-2o1,2,1,1;CC[N+](C)(C)CCOC;im;otf;396.1
n-2o1,2,2,1;CC[N+](C)(CC)CCOC;im-1;otf;361.2
n-2o1,2,2,2;CC[N+](CC)(CC)CCOC;im-2;otf;281.2
n-2o2,2,2,2;CCOCC[N+](CC)(CC)CC;im-4;otf;301.2
n-2o2,4,4,4;CCCC[N+](CCCC)(CCCC)CCOCC;im-6;otf;291.2
n-1o1,2,1,1;CC[N+](C)(C)COC;im-1,1;otf;390.35
n-1o1,2,2,2;CC[N+](CC)(CC)COC;im-2,1;otf;262,0
n-1o2,2,1,1;CCOC[N+](C)(C)CC;im-2,1,1;otf;382.2
n-2o1,2o1,1,1;COCC[N+](C)(C)CCOC;im-2,2;otf;296.2
n-2o2,2o1,1,1;CCOCC[N+](C)(C)CCOC;im-2,2,1;otf;386.2
n-2o2,2o2,1,1;CCOCC[N+](C)(C)CCOCC;im-2,1,1[5];otf;279.2
n-1o[c12],2odoe,1,1;CCCCCCCCCC(=O)OCC[N+](C)(C)COC1CCCCCCCCCCC1;im-2,2,1[5];otf;308.2
n-1o[11],2oh,1,1;CCCCCCCCCCCOC[N+](C)(C)CCO;im-4,1;otf;289.2
n-1coo1;COC(=O)C[NH3+];im-4,2;otf;275.2
n-1coo6,1,1,1;CCCCCCOC(=O)C[N+](C)(C)C;im-6,1;otf;302.2
n-1coo12,1,1,1;CCCCCCCCCCCCOC(=O)C[N+](C)(C)C;im-8,1;otf;281.15
n-1coo14,1,1,1;CCCCCCCCCCCCCCOC(=O)C[N+](C)(C)C;im-2o1,1;otf;300.2
n-1coo16,1,1,1;CCCCCCCCCCCCCCCCOC(=O)C[N+](C)(C)C;im-pho1,1;otf;318.2
n-1coo2,3,3,3;CCC[N+](CCC)(CCC)CC(=O)OCC;im-1(1[f]),1;otf;318.2
n-1coo2,4,4,4;CCCC[N+](CCCC)(CCCC)CC(=O)OCC;trz124-2f,10;otf;319.2
n-3(1[f]),2,2,1;CC[N+](C)(CC)CCCC(F)(F)F;trz124-2(1[f]),4;otf;306.2
n-3cn,1,1,1;C[N+](C)(C)CCCC#N;py-8;otf;322.2
n-2nh2;NCC[NH3+];py-4,1[4];otf;311.2
n-nh2,2,1,1;CC[N+](C)(C)N;py-4,1[2],1[3];otf;290.2
n-nh2,4,1,1;CCCC[N+](C)(C)N;py-4,1[3],1[5];otf;364.2
n-2ono2,1,1,1;C[N+](C)(C)CCO[N+]([O-])=O;py-4,1[2],1[3],1[5];otf;347.2
n-1(1[1])coo1;COC(=O)[C@@H](C)[NH3+];py-8,1[2];otf;313.2
n-1(1[1])coo2;CCOC(=O)[C@@H](C)[NH3+];py-8,1[3],1[5];otf;349.2
n-1(4i[1])coo1;COC(=O)[C@H]([NH3+])CC(C)C;pyrl-1,o2;otf;315.3
n-1(4s[1])coo1;CC[C@H](C)[C@@H]([NH3+])C(=O)OC;pyrl-2,o1;otf;287.9
n-1(2oh[2][1])coo1;COC(=O)[C@H]([NH3+])[C@@H](C)O;pyrl-2,o2;otf;307.3
n-1(3i[1])coo1;COC(=O)[C@H]([NH3+])C(C)C;cap-1,o2;otf;313.3
n-4t;CC(C)(C)[NH3+];n-2;otf;445.3
n-2o1,2o1;COCC[NH2+]CCOC;n-2,2,2;otf;299.2
n=c-o1,1,1;COC=[N+](C)C;n-2,2,1;otf;254.2
n=c-o2,1,1;CCOC=[N+](C)C;n-2oh;otf;348,0
n=c1-o2,1,1;CCOC(C)=[N+](C)C;n-4t;otf;284.8
n=c1-o2,2,2;CCOC(C)=[N+](CC)CC;n=c-o1,1,1;otf;296.4
pyr;C1CC[NH2+]C1;n=c-o2,1,1;otf;278.2
pyr-1;C[NH+]1CCCC1;n=c1-o2,1,1;otf;350.2
pyr-1,1;C[N+]1(C)CCCC1;n=c1-o2,2,2;otf;321.7
pyr-2,1;CC[N+]1(C)CCCC1;pip-4,1,1[3];otf;357.2
pyr-3,1;CCC[N+]1(C)CCCC1;pip-6,1,1[3];otf;355.2
pyr-4,1;CCCC[N+]1(C)CCCC1;azp-4,1;otf;328.2
pyr-4i,1;CC(C)C[N+]1(C)CCCC1;azp-6,1;otf;371.2
pyr-4,2;CCCC[N+]1(CC)CCCC1;azp-2o1,1;otf;289.2
pyr-5,1;CCCCC[N+]1(C)CCCC1;azp-[2o]21,1;otf;305.2
pyr-6,1;CCCCCC[N+]1(C)CCCC1;im-1;ntf2;301.85
pyr-7,1;CCCCCCC[N+]1(C)CCCC1;im-2;ntf2;278.85
pyr-8,1;CCCCCCCC[N+]1(C)CCCC1;im-1,1[2];ntf2;311,0
pyr-10,1;CCCCCCCCCC[N+]1(C)CCCC1;im-1,1;ntf2;295.2
pyr-a,1;C[N+]1(CC=C)CCCC1;im-2,1;ntf2;256.266666666667
pyr-1ch,1;C[N+]1(CC2CCCCC2)CCCC1;im-2,1,1;ntf2;296.2
pyr-1o1,1;COC[N+]1(C)CCCC1;im-2,2;ntf2;286.55
pyr-2o1,1;COCC[N+]1(C)CCCC1;im-2,2,1;ntf2;276.2
pyr-2oh,1;C[N+]1(CCO)CCCC1;im-2,1,1[5];ntf2;252.2
pyr-3oh,1;C[N+]1(CCCO)CCCC1;im-2,2,1[5];ntf2;251.2
pyr-3(1[f]),1;C[N+]1(CCCC(F)(F)F)CCCC1;im-3i,1;ntf2;282.1
pyr-2ono2,1;C[N+]1(CCO[N+]([O-])=O)CCCC1;im-3,3;ntf2;283.9
pip-1;C[NH+]1CCCCC1;im-3,1,1;ntf2;288.2
pip-2,1;CC[N+]1(C)CCCCC1;im-4,1;ntf2;269.82
pip-3,1;CCC[N+]1(C)CCCCC1;im-4,2;ntf2;265.2
pip-4,1;CCCC[N+]1(C)CCCCC1;im-4,1,1;ntf2;260.2
pip-4i,1;CC(C)C[N+]1(C)CCCCC1;im-5,1;ntf2;264.85
pip-4,2;CCCC[N+]1(CC)CCCCC1;im-5i,1;ntf2;273.1
pip-5,1;CCCCC[N+]1(C)CCCCC1;im-6,1;ntf2;264.62
pip-a,1;C[N+]1(CC=C)CCCCC1;im-6i,1;ntf2;276.3
pip-2o1,1;COCC[N+]1(C)CCCCC1;im-6,1,1;ntf2;268,0
pip-2oh,1;C[N+]1(CCO)CCCCC1;im-7,1;ntf2;272.2
pip-2oh,2;CC[N+]1(CCO)CCCCC1;im-7i,1;ntf2;284.3
pip-1cn,1;C[N+]1(CC#N)CCCCC1;im-8,1;ntf2;187.2
pip-3cn,1;C[N+]1(CCCC#N)CCCCC1;im-10,1;ntf2;292.4
pip-3(1[f]),1;C[N+]1(CCCC(F)(F)F)CCCCC1;im-2o1,1,1;ntf2;242.2
pip-4,1,1[3];CCCC[N@+]1(C)CCC[C@@H](C)C1;im-2o1,2,2;ntf2;278.5
pip-6,1,1[3];CCCCCC[N@+]1(C)CCC[C@@H](C)C1;im-2o1,3,1;ntf2;293.4
pipz-2,2;CC[N+]1(CC)CCNCC1;im-2o1,3,2;ntf2;288.8
dabco-6;CCCCCC[N@@+]12CC[N@@](CC1)CC2;im-2o1,4,2;ntf2;286.7
azp-4,1;CCCC[N+]1(C)CCCCCC1;im-2o1,5,1;ntf2;289,0
azp-6,1;CCCCCC[N+]1(C)CCCCCC1;im-2o1,5,2;ntf2;278.4
azp-2o1,1;COCC[N+]1(C)CCCCCC1;im-2o1,2o1,1;ntf2;331.3
azp-[2o]21,1;COCCOCC[N+]1(C)CCCCCC1;im-2o1,2o1,2;ntf2;281,0
ox-4,1;CCCC[N@+]1(C)CCOC1;im-2o2,2o1,1;ntf2;274.5
ox-2o1,1;COCC[N@+]1(C)CCOC1;im-1,1,1o2;ntf2;280.7
mo;C1COCC[NH2+]1;im-1,1,1o3;ntf2;278.3
mo-1;C[NH+]1CCOCC1;im-1o1,1,1;ntf2;295.2
mo-2;CC[NH+]1CCOCC1;im-1o1,1,2;ntf2;287.2
mo-2,1;CC[N+]1(C)CCOCC1;im-1o1,2,2;ntf2;292.2
mo-3,1;CCC[N+]1(C)CCOCC1;im-1o1,3,1;ntf2;294.2
mo-4,1;CCCC[N+]1(C)CCOCC1;im-2,1,s1;ntf2;260.2
mo-5,1;CCCCC[N+]1(C)CCOCC1;im-2,1,s3i;ntf2;284.2
mo-6,1;CCCCCC[N+]1(C)CCOCC1;im-1tms,1,1;ntf2;314.7
mo-a,1;C[N+]1(CC=C)CCOCC1;pz-3,1,1[3],1[5];ntf2;290.2
mo-a,2;CC[N+]1(CC=C)CCOCC1;trz123-8,1;ntf2;248.5
mo-2o1,1;COCC[N+]1(C)CCOCC1;trz123-10,1;ntf2;274.8
guad-(1,1),(1,1),(1,1);CN(C)C(N(C)C)=[N+](C)C;trz123-12,1;ntf2;290.6
guad-(2,1),(1,1),(1,1);CCN(C)C(N(C)C)=[N+](C)C;trz123-1ph,1,ph[4];ntf2;354.2
guad-(2,2),(1,1),(1,1);CCN(CC)C(N(C)C)=[N+](C)C;trz123-ph,1,6[4];ntf2;344.2
guad-(3,1),(1,1),(1,1);CCCN(C)C(N(C)C)=[N+](C)C;trz124-10,1;ntf2;276.1
guad-(3,2),(1,1),(1,1);CCCN(CC)C(N(C)C)=[N+](C)C;trz124-12,1;ntf2;293,0
guad-(3,3),(1,1),(1,1);CCCN(CCC)C(N(C)C)=[N+](C)C;py-2;ntf2;303.7
guad-(4,1),(1,1),(1,1);CCCCN(C)C(N(C)C)=[N+](C)C;py-3;ntf2;317.6
guad-(2o2,2o1),(1,1),(1,1);CCOCCN(C)C(N(C)CCOC)=[N+](C)C;py-4;ntf2;299.1
cguad-(2,1),1,1;CC[N+](C)=C1N(C)CCN1C;py-5;ntf2;272.8
cguad-(2,2),1,1;CC[N+](CC)=C1N(C)CCN1C;py-6;ntf2;274.7
cguad-(3,1),1,1;CCC[N+](C)=C1N(C)CCN1C;py-7;ntf2;272,0
p-2,2,2,2;CC[P+](CC)(CC)CC;py-8;ntf2;261.2
p-3,1,1,1;CCC[P+](C)(C)C;py-10;ntf2;274,0
p-4i,1,1,1;CC(C)C[P+](C)(C)C;py-1ph;ntf2;279.6
p-4,2,2,2;CCCC[P+](CC)(CC)CC;py-1ch;ntf2;314.9
p-4,4,4,1;CCCC[P+](C)(CCCC)CCCC;py-3,1[3];ntf2;273.2
p-4,4,4,2;CCCC[P+](CC)(CCCC)CCCC;py-4,1[4];ntf2;287.3
p-a,1,1,1;C[P+](C)(C)CC=C;py-8,1[4];ntf2;280.2
p-a,4,4,4;CCCC[P+](CCCC)(CCCC)CC=C;py-4,coo4[3];ntf2;288,0
p-3chch2,2,2,2;CC[P+](CC)(CC)CCCC=C;py-1cn;ntf2;317.2
p-4,4,4,4;CCCC[P+](CCCC)(CCCC)CCCC;py-2,cn[2];ntf2;310.2
p-5,2,2,2;CCCCC[P+](CC)(CC)CC;py-2,cn[3];ntf2;346.2
p-12,2,2,2;CCCCCCCCCCCC[P+](CC)(CC)CC;py-2,cn[4];ntf2;307.2
p-14,4,4,4;CCCCCCCCCCCCCC[P+](CCCC)(CCCC)CCCC;py-6,cn[4];ntf2;281.7
p-6,1,1,1;CCCCCC[P+](C)(C)C;py-8,cn[3];ntf2;287.9
p-6,4,4,4;CCCCCC[P+](CCCC)(CCCC)CCCC;py-8,cn[4];ntf2;303.2
p-8,4,4,4;CCCCCCCC[P+](CCCC)(CCCC)CCCC;py-6,1[3],dma[4];ntf2;271,0
p-8,8,8,1;CCCCCCCC[P+](C)(CCCCCCCC)CCCCCCCC;py-2,1[f][3];ntf2;301.7
p-8,8,8,3;CCCCCCCC[P+](CCC)(CCCCCCCC)CCCCCCCC;py-2,1[f][4];ntf2;302.7
p-8,8,8,8;CCCCCCCC[P+](CCCCCCCC)(CCCCCCCC)CCCCCCCC;quin-6;ntf2;317.2
p-12,4,4,4;CCCCCCCCCCCC[P+](CCCC)(CCCC)CCCC;quini-4;ntf2;321,0
p-12,8,8,8;CCCCCCCCCCCC[P+](CCCCCCCC)(CCCCCCCC)CCCCCCCC;qu-1,1;ntf2;323.6
p-14,6,6,6;CCCCCCCCCCCCCC[P+](CCCCCC)(CCCCCC)CCCCCC;qu-2,2;ntf2;333.7
p-14,8,8,8;CCCCCCCCCCCCCC[P+](CCCCCCCC)(CCCCCCCC)CCCCCCCC;pyrl-1,o2;ntf2;311.6
p-18,4,4,4;CCCCCCCCCCCCCCCCCC[P+](CCCC)(CCCC)CCCC;pyrl-2,o1;ntf2;312.6
p-1o1,1,1,1;COC[P+](C)(C)C;pyrl-2,o2;ntf2;302.2
p-1o1,2,2,2;CC[P+](CC)(CC)COC;cap-1,o2;ntf2;317.6
p-2o1,2,2,2;CC[P+](CC)(CC)CCOC;n-2;ntf2;321.2
pphin-4,1;CCCC[P+]1(C)CCCCC1;n-1,1,1;ntf2;357.4
pphol-4,1;CCCC[P+]1(C)CCCC1;n-2,2,2;ntf2;276.2
s-1,1,1;C[S+](C)C;n-2,2,2,2;ntf2;374.2
s-2,1,1;CC[S+](C)C;n-3,1,1,1;ntf2;292.2
s-2,2,1;CC[S+](C)CC;n-3,2,1,1;ntf2;264.2
s-2,2,2;CC[S+](CC)CC;n-3,2,2,1;ntf2;287.2
s-3,2,2;CCC[S+](CC)CC;n-3,3,2,1;ntf2;295.2
s-4,1,1;CCCC[S+](C)C;n-4,1,1,1;ntf2;285.975
s-4,2,2;CCCC[S+](CC)CC;n-4,2,2,1;ntf2;283.2
s-6,1,1;CCCCCC[S+](C)C;n-4,3i,1,1;ntf2;283,0
tht-1;C[S+]1CCCC1;n-4,4,4,1;ntf2;300,0
tht-2;CC[S+]1CCCC1;n-5,5,5,5;ntf2;298.4
tht-3;CCC[S+]1CCCC1;n-6,1,1,1;ntf2;305.2
tht-4;CCCC[S+]1CCCC1;n-6,4,4,4;ntf2;298.033333333333
thtp-3;CCC[S+]1CCCCC1;n-6,6,6,6;ntf2;265.7
thtp-4;CCCC[S+]1CCCCC1;n-7,7,7,7;ntf2;284.4
cprop-(n-2,1),(n-1,1),(n-1,1);CCN(C)c1c(N(C)C)[c+]1N(C)C;n-8,1,1,1;ntf2;280.2
cprop-(n-2,1),(n-2,1),(n-2,1);CCN(C)c1c(N(C)CC)[c+]1N(C)CC;n-8,8,8,1;ntf2;223.2
cprop-(n-2,2),(n-1,1),(n-1,1);CCN(CC)c1c(N(C)C)[c+]1N(C)C;n-10,2,2,2;ntf2;264,0
cprop-(n-2,2),(n-2,2),(n-1,1);CCN(CC)c1c(N(CC)CC)[c+]1N(C)C;n-10,3i,1,1;ntf2;270,0
cprop-(n-2,2),(n-2,2),(n-2,2);CCN(CC)c1c(N(CC)CC)[c+]1N(CC)CC;n-12,2,2,2;ntf2;279.6
cprop-(n-3,1),(n-1,1),(n-1,1);CCCN(C)c1c(N(C)C)[c+]1N(C)C;n-14,2,2,2;ntf2;294.3
cprop-(n-3,3),(n-1,1),(n-1,1);CCCN(CCC)c1c(N(C)C)[c+]1N(C)C;n-1ph,2,2,2;ntf2;314.2
cprop-(n-3,3),(n-3,3),(n-3,3);CCCN(CCC)c1c(N(CCC)CCC)[c+]1N(CCC)CCC;n-2oh,2,1,1;ntf2;279.2
cprop-(n-4,1),(n-1,1),(n-1,1);CCCCN(C)c1c(N(C)C)[c+]1N(C)C;n-2o1,1,1,1;ntf2;310.2
cprop-(n-4,4),(n-2,2),(n-2,2);CCCCN(CCCC)c1c(N(CC)CC)[c+]1N(CC)CC;n-2o1,2,2,2;ntf2;293.2
cprop-(n-4,4),(n-4,4),(n-4,4);CCCCN(CCCC)c1c(N(CCCC)CCCC)[c+]1N(CCCC)CCCC;n-2o2,2,2,2;ntf2;279.9
cprop-(n-5,5),(n-5,5),(n-5,5);CCCCCN(CCCCC)c1c(N(CCCCC)CCCCC)[c+]1N(CCCCC)CCCCC;n-2o2,4,4,4;ntf2;283.25
cprop-(n-6,1),(n-1,1),(n-1,1);CCCCCCN(C)c1c(N(C)C)[c+]1N(C)C;n-1o1,2,2,2;ntf2;270.2
cprop-(n-6,6),(n-1,1),(n-1,1);CCCCCCN(CCCCCC)c1c(N(C)C)[c+]1N(C)C;n-1o[c12],2odoe,1,1;ntf2;298.4
cprop-(n-6,6),(n-6,6),(n-6,6);CCCCCCN(CCCCCC)c1c(N(CCCCCC)CCCCCC)[c+]1N(CCCCCC)CCCCCC;n-1coo2,3,3,3;ntf2;341.2
cprop-(n-10,10),(n-10,10),(n-10,10);CCCCCCCCCCN(CCCCCCCCCC)c1c(N(CCCCCCCCCC)CCCCCCCCCC)[c+]1N(CCCCCCCCCC)CCCCCCCCCC;n-3(1[f]),2,2,1;ntf2;309.2
tfesi;FC(F)(F)COS(=O)(=O)[N-]S(=O)(=O)OCC(F)(F)F;n-3cn,1,1,1;ntf2;331.3
fsa;FS(=O)(=O)[N-]S(F)(=O)=O;n-1(1[1])coo1;ntf2;256.2
ntf2;FC(F)(F)S(=O)(=O)[N-]S(=O)(=O)C(F)(F)F;n=c-o1,1,1;ntf2;310.8
c1c2;FC(F)(F)C(F)(F)S(=O)(=O)[N-]S(=O)(=O)C(F)(F)F;n=c-o2,1,1;ntf2;313.25
npf2;FC(F)(F)C(F)(F)S(=O)(=O)[N-]S(=O)(=O)C(F)(F)C(F)(F)F;n=c1-o2,1,1;ntf2;306.3
im44;FC(F)(F)C(F)(F)C(F)(F)C(F)(F)S(=O)(=O)[N-]S(=O)(=O)C(F)(F)C(F)(F)C(F)(F)C(F)(F)F;n=c1-o2,2,2;ntf2;327,0
tsac;FC(F)(F)C(=O)[N-]S(=O)(=O)C(F)(F)F;pyr;ntf2;310.2
dca;N#C[N-]C#N;pyr-1;ntf2;356.2
ncnno2;[O-][N+](=O)[N-]C#N;pyr-1,1;ntf2;406.2
ccn3;N#C[C-](C#N)C#N;pyr-2,1;ntf2;363.3
tca;N#C[C-](C=C(C#N)C#N)C#N;pyr-3,1;ntf2;282.683333333333
tca-1;CC([C-](C#N)C#N)=C(C#N)C#N;pyr-4,1;ntf2;261.4
tca-1cn;N#CCC([C-](C#N)C#N)=C(C#N)C#N;pyr-4i,1;ntf2;276.733333333333
bf4;F[B-](F)(F)F;pyr-4,2;ntf2;258.2
bf3-3;CCC[B-](F)(F)F;pyr-5,1;ntf2;283.4
bf3-4;CCCC[B-](F)(F)F;pyr-6,1;ntf2;274.6
bf3-5;CCCCC[B-](F)(F)F;pyr-7,1;ntf2;286.85
bf3-1[f];F[B-](F)(F)C(F)(F)F;pyr-8,1;ntf2;260.6
bf3-2[f];F[B-](F)(F)C(F)(F)C(F)(F)F;pyr-10,1;ntf2;283.5
bf3-3[f];F[B-](F)(F)C(F)(F)C(F)(F)C(F)(F)F;pyr-a,1;ntf2;284.2
bf3-4[f];F[B-](F)(F)C(F)(F)C(F)(F)C(F)(F)C(F)(F)F;pyr-1ch,1;ntf2;283.7
bf3-2[f]o1[f];F[B-](F)(F)C(F)(F)C(F)(F)OC(F)(F)F;pyr-1o1,1;ntf2;252.2
bf3-3icn;C[C@@H](CC#N)[B-](F)(F)F;pyr-2oh,1;ntf2;248.2
bob;O=C1O[B-]2(OC1=O)OC(=O)C(=O)O2;pyr-3oh,1;ntf2;285.2
bf2ox;F[B-]1(F)OC(=O)C(=O)O1;pyr-3(1[f]),1;ntf2;300.2
tcb;N#C[B-](C#N)(C#N)C#N;pip-3,1;ntf2;285.1
bfcn3;F[B-](C#N)(C#N)C#N;pip-4,1;ntf2;248.2
bf2cn2;F[B-](F)(C#N)C#N;pip-4i,1;ntf2;287.9
bcn3-1[f];FC(F)(F)[B-](C#N)(C#N)C#N;pip-4,2;ntf2;279.8
bf2cn-1[f];F[B-](F)(C#N)C(F)(F)F;pip-a,1;ntf2;282.2
bf2cn-2[f];F[B-](F)(C#N)C(F)(F)C(F)(F)F;pip-2oh,1;ntf2;250.2
bf2cn-3[f];F[B-](F)(C#N)C(F)(F)C(F)(F)C(F)(F)F;pip-2oh,2;ntf2;253.2
bf2cn-4[f];F[B-](F)(C#N)C(F)(F)C(F)(F)C(F)(F)C(F)(F)F;pip-3(1[f]),1;ntf2;299.2
bfcn2-1[f];F[B-](C#N)(C#N)C(F)(F)F;dabco-6;ntf2;305,0
bfcn2-2[f];F[B-](C#N)(C#N)C(F)(F)C(F)(F)F;azp-6,1;ntf2;252.2
tfpb;FC(F)(F)c1cc(cc(c1)C(F)(F)F)[B-](c1cc(cc(c1)C(F)(F)F)C(F)(F)F)(c1cc(cc(c1)C(F)(F)F)C(F)(F)F)c1cc(cc(c1)C(F)(F)F)C(F)(F)F;ox-4,1;ntf2;285.2
pf6;F[P-](F)(F)(F)(F)F;mo-4,1;ntf2;308.2
fap;FC(F)(F)C(F)(F)[P-](F)(F)(F)(C(F)(F)C(F)(F)F)C(F)(F)C(F)(F)F;mo-a,1;ntf2;317.2
so3-1;CS([O-])(=O)=O;mo-a,2;ntf2;315.2
so3-2;CCS([O-])(=O)=O;guad-(1,1),(1,1),(1,1);ntf2;360.1
so3-4;CCCCS([O-])(=O)=O;guad-(2,1),(1,1),(1,1);ntf2;291.4
so3-8;CCCCCCCCS([O-])(=O)=O;guad-(2,2),(1,1),(1,1);ntf2;283.1
behss;CCCC[C@H](CC)COC(=O)C[C@@H](C(=O)OC[C@@H](CC)CCCC)S([O-])(=O)=O;guad-(3,1),(1,1),(1,1);ntf2;273.6
tehss;CCCCCCOC(=O)C[C@H]([C@@H](C(=O)OCCCCCC)S([O-])(=O)=O)C(=O)OCCCCCC;guad-(3,2),(1,1),(1,1);ntf2;271.6
so3-ph1;Cc1ccc(cc1)S([O-])(=O)=O;guad-(3,3),(1,1),(1,1);ntf2;286.1
so3-nh2;NS([O-])(=O)=O;guad-(2o2,2o1),(1,1),(1,1);ntf2;281.6
so3-6;CCCCCCS([O-])(=O)=O;cguad-(2,1),1,1;ntf2;263.9
hso4;OS([O-])(=O)=O;cguad-(2,2),1,1;ntf2;297.1
so4-1;COS([O-])(=O)=O;p-3,1,1,1;ntf2;313.2
so4-2;CCOS([O-])(=O)=O;p-4,2,2,2;ntf2;328.2
so4-4;CCCCOS([O-])(=O)=O;p-4,4,4,1;ntf2;289.6
so4-5;CCCCCOS([O-])(=O)=O;p-a,4,4,4;ntf2;302.1
so4-8;CCCCCCCCOS([O-])(=O)=O;p-3chch2,2,2,2;ntf2;285.2
so4-1,1[f];[O-]S(=O)(=O)OCC(F)(F)F;p-5,2,2,2;ntf2;289.7
so4-1,1[f],chf2;[O-]S(=O)(=O)OCC(F)(F)C(F)F;p-12,2,2,2;ntf2;286.2
so4-1,3[f],chf2;[O-]S(=O)(=O)OCC(F)(F)C(F)(F)C(F)(F)C(F)F;p-6,1,1,1;ntf2;294.2
so4-3,2[f];[O-]S(=O)(=O)OCCCC(F)(F)C(F)(F)F;p-8,8,8,8;ntf2;284.3
h2po4;OP(O)([O-])=O;p-12,4,4,4;ntf2;286.6
po2-o1,o1;COP([O-])(=O)OC;p-1o1,1,1,1;ntf2;286.2
po2-o4,o4;CCCCOP([O-])(=O)OCCCC;p-1o1,2,2,2;ntf2;287.2
otf;[O-]S(=O)(=O)C(F)(F)F;p-2o1,2,2,2;ntf2;283.2
so3-2[f];[O-]S(=O)(=O)C(F)(F)C(F)(F)F;pphin-4,1;ntf2;279.2
so3-4[f];[O-]S(=O)(=O)C(F)(F)C(F)(F)C(F)(F)C(F)(F)F;pphol-4,1;ntf2;288.2
so3-8[f];[O-]S(=O)(=O)C(F)(F)C(F)(F)C(F)(F)C(F)(F)C(F)(F)C(F)(F)C(F)(F)C(F)(F)F;s-1,1,1;ntf2;320.6
albr4;Br[Al-](Br)(Br)Br;s-2,1,1;ntf2;292.3
al(ohfip)4;FC(F)(F)C(O[Al-](OC(C(F)(F)F)C(F)(F)F)(OC(C(F)(F)F)C(F)(F)F)OC(C(F)(F)F)C(F)(F)F)C(F)(F)F;s-2,2,1;ntf2;253.5
asf6;F[As-](F)(F)(F)(F)F;s-2,2,2;ntf2;262.8
hf2;;s-3,2,2;ntf2;250,0
cl;[Cl-];s-4,1,1;ntf2;269.6
br;[Br-];s-4,2,2;ntf2;244.3
i;[I-];s-6,1,1;ntf2;316.7
no3;[O-][N+]([O-])=O;tht-1;ntf2;371.2
clo4;[O-][Cl](=O)(=O)=O;tht-2;ntf2;342.2
scn;[S-]C#N;tht-3;ntf2;299.2
for;[O-]C=O;thtp-3;ntf2;303.2
ac;CC([O-])=O;thtp-4;ntf2;263.2
6ac;CCCCCCCC([O-])=O;cprop-(n-2,1),(n-1,1),(n-1,1);ntf2;336.2
16ac;CCCCCCCCCCCCCCCCCC([O-])=O;cprop-(n-2,1),(n-2,1),(n-2,1);ntf2;280.2
glyc;OCC([O-])=O;cprop-(n-2,2),(n-1,1),(n-1,1);ntf2;317.2
ph-coo;[O-]C(=O)c1ccccc1;cprop-(n-2,2),(n-2,2),(n-1,1);ntf2;290.2
van;COc1cc(ccc1O)C([O-])=O;cprop-(n-2,2),(n-2,2),(n-2,2);ntf2;291.2
herbicide-2,4-DP;C[C@@H](Oc1ccc(Cl)cc1Cl)C([O-])=O;cprop-(n-3,1),(n-1,1),(n-1,1);ntf2;293.2
nicot;[O-]C(=O)c1cccnc1;cprop-(n-3,3),(n-1,1),(n-1,1);ntf2;325.2
tfa;[O-]C(=O)C(F)(F)F;cprop-(n-3,3),(n-3,3),(n-3,3);ntf2;307.2
tfa-2[f];[O-]C(=O)C(F)(F)C(F)(F)C(F)(F)F;cprop-(n-4,1),(n-1,1),(n-1,1);ntf2;279.2
tfa-3[f];[O-]C(=O)C(F)(F)C(F)(F)C(F)(F)C(F)(F)F;cprop-(n-4,4),(n-2,2),(n-2,2);ntf2;269.2
tfa-6[f];[O-]C(=O)C(F)(F)C(F)(F)C(F)(F)C(F)(F)C(F)(F)C(F)(F)C(F)(F)F;cprop-(n-4,4),(n-4,4),(n-4,4);ntf2;280.2
gly;NCC([O-])=O;cprop-(n-5,5),(n-5,5),(n-5,5);ntf2;277.2
ala;C[C@H](N)C([O-])=O;cprop-(n-6,1),(n-1,1),(n-1,1);ntf2;259.2
la;C[C@H](O)C([O-])=O;cprop-(n-6,6),(n-1,1),(n-1,1);ntf2;294.2
val;CC(C)[C@H](N)C([O-])=O;cprop-(n-6,6),(n-6,6),(n-6,6);ntf2;276.2
acsul;CC1=CC(=O)[N-]S(=O)(=O)O1;cprop-(n-10,10),(n-10,10),(n-10,10);ntf2;281.2
sac;O=C1[N-]S(=O)(=O)c2ccccc12;im-1;npf2;284.2
pyrrolide-cn[2];N#Cc1ccc[n-]1;im-1,1;npf2;288.2
;;im-2,1;npf2;288.45
;;im-4,1;npf2;280.2
;;im-10,1;npf2;285.7
;;im-18,1;npf2;288.45
;;py-4;npf2;322.2
;;py-4,1[3],1[5];npf2;291.7
;;py-8,1[4];npf2;275.2
;;n-2,2,2,2;npf2;319.7
;;n-4,4,4,4;npf2;423.2
;;pyr-4,1;npf2;279.95
;;pyr-2o1,1;npf2;281,0
;;p-4,4,4,4;npf2;418.2
;;p-14,6,6,6;npf2;271.2
;;im-1;no3;343.2
;;im-2;no3;304.2
;;im-1,1;no3;350.7
;;im-2,1;no3;348.2
;;im-4,1;no3;275.3
;;pyrro;no3;281.2
;;epslac;no3;318.2
;;n-1;no3;381.05
;;n-2;no3;285.866666666667
;;n-3;no3;277.2
;;n-1,1;no3;350.7
;;n-2,2;no3;378.2
;;n-2,2,2;no3;388.2
;;n-4,4,4;no3;294.7
;;n-2eh,2eh,1,1;no3;353.2
;;n-2oh;no3;286.1
;;n-2oh,2oh;no3;345.2
;;n-2oh,2oh,2oh;no3;353.2
;;n-2o1;no3;310.2
;;n-1coo1;no3;317.2
;;n-1(1[1])coo1;no3;334.2
;;n-1(1[1])coo2;no3;256.2
;;n-1(4i[1])coo1;no3;348.2
;;n-1(4s[1])coo1;no3;259.2
;;n-1(2oh[2][1])coo1;no3;261.2
;;n-1(3i[1])coo1;no3;347.2
;;pyr;no3;258.2
;;pyr-a,1;no3;283.2
;;guad-(3,1),(1,1),(1,1);no3;482.2
;;guad-(4,1),(1,1),(1,1);no3;345.2
;;cguad-(3,1),1,1;no3;304.2
;;tht-1;no3;389.2
;;tht-2;no3;291.2
;;tht-4;no3;327.2
;;n-2eh,2eh,1,1;nicot;497.2
;;n-nh2,2,1,1;ncnno2;298.6
;;n-nh2,4,1,1;ncnno2;282.2
;;n-2oh;la;214.6
;;n-2oh,2oh,2oh;la;218.3
;;n-2o2oh;la;217.6
;;n-1coo12,1,1,1;la;312.2
;;n-1coo14,1,1,1;la;321.2
;;n-1coo16,1,1,1;la;331.2
;;n-1(1[1])coo1;la;311.2
;;n-1(1[1])coo2;la;348.2
;;n-2oh,1,1,1;im44;303,0
;;pyr-2,1;im44;428,0
;;pyr-4,1;im44;371,0
;;im-4,1;i;201.2
;;trz124-2(1[f]),1;i;371.2
;;trz124-2(1[f]),4;i;396.2
;;trz124-2(1[f]),7;i;447.2
;;trz124-2(1[f]),10;i;465.2
;;py-8,1[3],1[5];i;355.2
;;py-8,1[2],2[5];i;360.2
;;py-10,py[4];i;397.2
;;n-2eh,2eh,1,1;i;346.2
;;pyr-a,1;i;330.7
;;pip-4,1,1[3];i;417.2
;;pip-6,1,1[3];i;396.2
;;azp-4,1;i;360.2
;;azp-6,1;i;413.2
;;azp-2o1,1;i;356.2
;;azp-[2o]21,1;i;344.2
;;im-1;hso4;294.1
;;im-4,1;hso4;301.9
;;py-1[4];hso4;254.3
;;n-1;hso4;356.3
;;n-2;hso4;317.65
;;n-3;hso4;307.1
;;n-4;hso4;306.7
;;n-1,1;hso4;282.75
;;n-1,1,1;hso4;346.1
;;n-2,2;hso4;350.5
;;n-2,2,2;hso4;357.4
;;n-2,1,1;hso4;276.5
;;n-4,4;hso4;404.1
;;n-4,4,4;hso4;359.8
;;n-2oh,2oh,2oh;hso4;326.2
;;n-4t;hso4;403.8
;;pyr;hso4;243.2
;;pyr-1;hso4;307.2
;;n-1;hf2;261.4
;;n-2;hf2;276.7
;;n-1,1;hf2;250.3
;;n-10,10,1,1;herbicide-2,4-DP;273.6
;;n-18,1,1,1;herbicide-2,4-DP;261,0
;;n-2oh,1,1,1;herbicide-2,4-DP;392.5
;;n-1;h2po4;370,0
;;n-2;h2po4;394.95
;;n-3;h2po4;418.8
;;n-4;h2po4;386.5
;;n-1,1;h2po4;390.5
;;n-2,2;h2po4;432.2
;;n-4,4;h2po4;371.2
;;n-2o1;h2po4;363.7
;;n-2oh;glyc;379.2
;;n-4,4,4,4;gly;289.2
;;im-2,1;fsa;260.1
;;pyr-3,1;fsa;264.166666666667
;;pyr-4,2;fsa;237.2
;;pyr-2o1,1;fsa;277,0
;;mo-6,1;fsa;307,0
;;p-3,1,1,1;fsa;273.2
;;p-4i,1,1,1;fsa;285.5
;;p-a,1,1,1;fsa;268.2
;;p-1o1,1,1,1;fsa;267.2
;;n-1;for;268.85
;;n-2;for;260.7
;;n-3;for;268.066666666667
;;n-4;for;254.933333333333
;;n-4i;for;299.2
;;n-5;for;285.2
;;n-5i;for;272.2
;;n-1,1;for;260.2
;;n-2,2;for;293.1
;;n-4,4;for;301,0
;;n-2oh;for;191.05
;;n-2oh,2oh,2oh;for;340.45
;;n-2o2oh;for;198.3
;;n-2o1;for;250.8
;;n-2o1,2o1;for;277.8
;;pyr;for;273.5
;;mo;for;279,0
;;mo-2;for;251,0
;;im-2,1;fap;236.2
;;im-6,1;fap;223.2
;;pyr-4,1;fap;277,0
;;im-1,1;dca;307.2
;;im-2,1;dca;255.15
;;im-4,1;dca;267.2
;;im-4,1,1;dca;299.2
;;im-8,1;dca;224.2
;;im-2oh,1;dca;223.2
;;im-11[br]1n3,1;dca;279,0
;;im-2ono2,1;dca;223,0
;;pz-2,1;dca;286.2
;;pz-2o1,1;dca;265.2
;;thz-2;dca;330.2
;;py-2;dca;227.1
;;py-2ono2;dca;333.2
;;py-4,1[3];dca;278,0
;;py-4,1[4];dca;300.3
;;py-4,1[3],1[5];dca;272.2
;;py-8,1[2],2[5];dca;326.2
;;py-2oh;dca;224.3
;;qu-1,1;dca;341.1
;;qu-2,2;dca;410.7
;;n-2,1,1,1;dca;369.5
;;n-4,4,4,1;dca;285.2
;;n-5,2,2,2;dca;266.2
;;n-6,2,2,2;dca;230.2
;;n-6,4,4,4;dca;230.2
;;n-2oh,1,1,1;dca;223.3
;;n-1coo12,1,1,1;dca;331.2
;;n-1coo14,1,1,1;dca;334.2
;;n-1coo16,1,1,1;dca;336.2
;;n-3cn,1,1,1;dca;316.4
;;n-nh2,2,1,1;dca;304.1
;;n-nh2,4,1,1;dca;293.6
;;n-2ono2,1,1,1;dca;223.1
;;pyr-2,1;dca;261.2
;;pyr-3,1;dca;238.2
;;pyr-4,1;dca;218.2
;;pyr-6,1;dca;262.2
;;pyr-2oh,1;dca;223.4
;;pyr-2ono2,1;dca;223.3
;;guad-(4,1),(1,1),(1,1);dca;348.2
;;p-4,2,2,2;dca;278.2
;;p-4,4,4,1;dca;279.1
;;p-5,2,2,2;dca;261.2
;;p-1o1,2,2,2;dca;262.2
;;tht-1;dca;286.2
;;im-1;clo4;430.2
;;im-2;clo4;294.2
;;im-1,1;clo4;337.2
;;im-2,1;clo4;280.2
;;im-4,1;clo4;338.2
;;n-2;clo4;425.1
;;n-1coo12,1,1,1;clo4;357.2
;;n-1coo14,1,1,1;clo4;367.2
;;n-1coo16,1,1,1;clo4;372.2
;;guad-(3,1),(1,1),(1,1);clo4;541.2
;;guad-(4,1),(1,1),(1,1);clo4;408.2
;;cguad-(3,1),1,1;clo4;312.2
;;im-1;cl;345.2
;;im-2;cl;331.2
;;im-1,s4[2];cl;365.2
;;im-1,1;cl;454.2
;;im-2,1;cl;406.7
;;im-4,1;cl;326.2
;;im-6,1;cl;198.2
;;im-8,1;cl;273.2
;;im-a,a;cl;294.7
;;im-3cn,1;cl;363.5
;;n-7,7,7,7;cl;264.2
;;n-2eh,2eh,1,1;cl;357.2
;;n-3cn,1,1,1;cl;352,0
;;pyr-2oh,1;cl;306.2
;;pyr-3oh,1;cl;314.2
;;pip-2o1,1;cl;331.2
;;pip-2oh,1;cl;313.2
;;pip-2oh,2;cl;361.2
;;p-4,4,4,1;cl;293.6
;;p-4,4,4,2;cl;343.3
;;p-4,4,4,4;cl;343.8
;;p-14,4,4,4;cl;312.1
;;p-6,4,4,4;cl;297.4
;;p-8,4,4,4;cl;292.6
;;p-8,8,8,1;cl;362.5
;;p-8,8,8,3;cl;301.8
;;p-12,4,4,4;cl;296,0
;;p-12,8,8,8;cl;243.2
;;p-14,8,8,8;cl;253.2
;;im-2,1;ccn3;259.7
;;n-2,2,2,2;c1c2;342.2
;;n-3,1,1,1;c1c2;292.2
;;n-5,5,5,5;c1c2;298.2
;;pip-3,1;c1c2;269.2
;;p-6,1,1,1;c1c2;313.2
;;im-1;br;314.2
;;im-2;br;333.2
;;im-1,1;br;449.2
;;im-2,1;br;417.2
;;im-14,1;br;327.2
;;im-a,1;br;326.3
;;im-a,3;br;302.7
;;im-11[br]1n3,1;br;290,0
;;trz124-2f,7;br;398.2
;;trz124-2f,10;br;402.2
;;py-4;br;378,0
;;py-4,1[4];br;351.2
;;py-4,1[3],1[5];br;368,0
;;py-1cn;br;433.2
;;py-2cn;br;418.2
;;py-3cn;br;356.2
;;py-1cn,1[3];br;456.2
;;py-1cn,1[4];br;466.2
;;py-1cn,1[2],1[5];br;433.2
;;py-3cn,1[2];br;409.2
;;py-3cn,1[4];br;397.2
;;py-3cn,2[4];br;425.2
;;py-3cn,1[2],1[5];br;415.2
;;py-4,cn[4];br;485.2
;;py-4,cn[3];br;429.2
;;py-6,cn[4];br;469.2
;;py-8,cn[4];br;435.2
;;py-3cn,coo1[3];br;455.2
;;py-4,dma[4];br;495,0
;;py-6,dma[4];br;469,0
;;py-6,1[3],dma[4];br;392,0
;;qu-1,1;br;494.8
;;qu-2,2;br;510.2
;;n-2eh,2eh,1,1;br;363.2
;;pyr-3,1;br;380.2
;;pyr-a,1;br;291.2
;;pip-5,1;br;446.8
;;pip-a,1;br;334.2
;;pip-1cn,1;br;465.2
;;pip-3cn,1;br;410.2
;;mo-3,1;br;453.9
;;mo-4,1;br;484.5
;;mo-5,1;br;467,0
;;mo-a,1;br;353.2
;;mo-a,2;br;348.2
;;n-2o1,2,1,1;bob;321.5
;;n-1o1,2,1,1;bob;324,0
;;n-1o2,2,1,1;bob;319.9
;;im-2,1;bfcn3;265.4
;;im-2,1;bfcn2-2[f];252.2
;;im-2,1;bfcn2-1[f];243.2
;;im;bf4;404.4
;;im-1;bf4;309.6
;;im-1,1;bf4;304.5
;;im-2,1;bf4;288.15
;;im-3,1;bf4;256.2
;;im-3,1,1;bf4;256.2
;;im-4,1;bf4;191.2
;;im-4,1,1;bf4;310.2
;;im-6,1;bf4;191.2
;;im-8,1;bf4;194.2
;;im-10,1;bf4;248.2
;;im-a,1;bf4;192.1
;;im-c,1,1;bf4;217.2
;;pz-ph,1,1[3],1[5];bf4;418.4
;;pz-ph,4,1[3],1[5];bf4;340.8
;;pz-ph,7,1[3],1[5];bf4;329.5
;;py-4;bf4;272,0
;;py-4,1[2];bf4;301.3
;;py-8,1[3],1[5];bf4;329.2
;;qu-1,1;bf4;388.7
;;qu-2,2;bf4;459.6
;;n-1;bf4;461,0
;;n-2;bf4;425.6
;;n-4;bf4;471.4
;;n-2,2,2;bf4;377.5
;;n-3,2,2,1;bf4;459.2
;;n-4,2,2,1;bf4;438.2
;;n-4,4;bf4;486,0
;;n-2oh;bf4;273.7
;;n-2o1,1,1,1;bf4;327.2
;;n-2o1,2,1,1;bf4;279.1
;;n-2o1,2,2,1;bf4;281.2
;;n-2o1,2,2,2;bf4;329.2
;;n-2o1,2o1,1,1;bf4;309.1
;;n-2o2,2o1,1,1;bf4;279.6
;;n-1coo6,1,1,1;bf4;331.2
;;n-1coo12,1,1,1;bf4;362.2
;;n-1coo14,1,1,1;bf4;369.2
;;n-1coo16,1,1,1;bf4;377.2
;;n-1coo2,4,4,4;bf4;327.2
;;n-3cn,1,1,1;bf4;334.1
;;n-1(1[1])coo1;bf4;255.2
;;n-4t;bf4;391.5
;;pyr-1;bf4;240.2
;;pyr-4,1;bf4;423.2
;;pyr-1o1,1;bf4;255.2
;;pyr-2o1,1;bf4;285.2
;;pip-1;bf4;298.2
;;pip-4,1;bf4;419.2
;;ox-4,1;bf4;261.2
;;mo-1;bf4;302.2
;;mo-2;bf4;294.2
;;mo-4,1;bf4;339.2
;;mo-2o1,1;bf4;358.2
;;p-12,4,4,4;bf4;295.6
;;im-2,1;bf3-5;289.2
;;im-1,1;bf3-4[f];308.2
;;im-2,1;bf3-4[f];269.2
;;im-3,1;bf3-4[f];261.2
;;n-3,2,2,1;bf3-4[f];327.2
;;n-4,2,2,1;bf3-4[f];333.2
;;n-2o1,1,1,1;bf3-4[f];323.2
;;n-2o1,2,1,1;bf3-4[f];245.2
;;n-2o1,2,2,2;bf3-4[f];284.2
;;pyr-3,1;bf3-4[f];350.2
;;pyr-4,1;bf3-4[f];334.2
;;pyr-2o1,1;bf3-4[f];260.2
;;pip-4,1;bf3-4[f];365.2
;;pip-2o1,1;bf3-4[f];293.2
;;ox-4,1;bf3-4[f];327.2
;;ox-2o1,1;bf3-4[f];291.2
;;mo-4,1;bf3-4[f];349.2
;;mo-2o1,1;bf3-4[f];399.2
;;im-2,1;bf3-4;264.2
;;im-4,1;bf3-3icn;188.7
;;im-a,1;bf3-3icn;184,0
;;im-a,a;bf3-3icn;185.9
;;im-1cch,1;bf3-3icn;192.8
;;im-1cch,1cch;bf3-3icn;218.1
;;im-3cn,1;bf3-3icn;196.6
;;im-3cn,3cn;bf3-3icn;203.4
;;im-3cooh,1;bf3-3icn;214.6
;;im-1,1;bf3-3[f];284.2
;;im-2,1;bf3-3[f];281.2
;;im-3,1;bf3-3[f];268.2
;;n-3,2,2,1;bf3-3[f];330.2
;;n-4,2,2,1;bf3-3[f];323.2
;;n-2o1,1,1,1;bf3-3[f];296.2
;;n-2o1,2,2,2;bf3-3[f];279.2
;;pyr-3,1;bf3-3[f];352.2
;;pyr-4,1;bf3-3[f];326.2
;;pyr-2o1,1;bf3-3[f];279.2
;;pip-4,1;bf3-3[f];354.2
;;pip-2o1,1;bf3-3[f];264.2
;;ox-4,1;bf3-3[f];326.2
;;ox-2o1,1;bf3-3[f];283.2
;;mo-4,1;bf3-3[f];342.2
;;im-2,1;bf3-3;259.2
;;im-2,1;bf3-2[f]o1[f];243.2
;;n-4,2,2,1;bf3-2[f]o1[f];289.2
;;pyr-3,1;bf3-2[f]o1[f];298.2
;;im-1,1;bf3-2[f];300.2
;;im-2,1;bf3-2[f];274.2
;;im-3,1;bf3-2[f];231.2
;;im-4,1;bf3-2[f];231.2
;;im-6,1;bf3-2[f];263.2
;;im-1o1,1;bf3-2[f];252.2
;;im-2o1,1;bf3-2[f];264.2
;;n-3,2,2,1;bf3-2[f];327.2
;;n-4,2,2,1;bf3-2[f];288.2
;;n-2o1,1,1,1;bf3-2[f];303.2
;;n-2o1,2,1,1;bf3-2[f];240.2
;;n-2o1,2,2,2;bf3-2[f];276.2
;;pyr-4,1;bf3-2[f];295.2
;;pyr-1o1,1;bf3-2[f];299.2
;;pyr-2o1,1;bf3-2[f];270.2
;;pip-4,1;bf3-2[f];314.2
;;pip-2o1,1;bf3-2[f];258.2
;;ox-4,1;bf3-2[f];269.2
;;ox-2o1,1;bf3-2[f];274.2
;;im-1,1;bf3-1[f];288.2
;;im-2,1;bf3-1[f];252.7
;;im-3,1;bf3-1[f];252.2
;;im-1o1,1;bf3-1[f];290.2
;;im-2o1,1;bf3-1[f];275.2
;;n-3,2,2,1;bf3-1[f];368.2
;;n-4,2,2,1;bf3-1[f];270.2
;;n-2o1,1,1,1;bf3-1[f];350.2
;;n-2o1,2,1,1;bf3-1[f];281.2
;;n-2o1,2,2,1;bf3-1[f];251.2
;;n-2o1,2,2,2;bf3-1[f];283.2
;;pyr-4,1;bf3-1[f];255.2
;;pyr-1o1,1;bf3-1[f];269.2
;;pyr-2o1,1;bf3-1[f];257.2
;;pip-4,1;bf3-1[f];285.2
;;pip-2o1,1;bf3-1[f];257.2
;;mo-2o1,1;bf3-1[f];274.2
;;im-2,1;bf2ox;291.2
;;n-2,2,2,2;bf2ox;306.2
;;im-2,1;bf2cn2;245.6
;;im-2,1;bf2cn-4[f];237.2
;;im-2,1;bf2cn-3[f];220.2
;;im-2,1;bf2cn-2[f];216.2
;;im-2,1;bf2cn-1[f];239.2
;;im-4,1;behss;254.2
;;im-2,1;bcn3-1[f];266.2
;;im-2,1;asf6;326,0
;;py-8,1[4];asf6;281.2
;;n-3,2,1,1;albr4;390.2
;;n-4,2,2,1;albr4;364.2
;;n-4,3,1,1;albr4;338.2
;;n-5,2,2,2;albr4;320.2
;;p-5,2,2,2;albr4;308.2
;;n-1,1,1,1;ala;315.2
;;im-2,1;al(ohfip)4;304.2
;;im-2,1,1;al(ohfip)4;312.2
;;im-4,1;al(ohfip)4;313.2
;;im-4,1,1;al(ohfip)4;273.2
;;im-6,1;al(ohfip)4;278.2
;;im-a,1;al(ohfip)4;285.2
;;py-4;al(ohfip)4;309.2
;;pyr-4,1;al(ohfip)4;323.2
;;pip-3,1;al(ohfip)4;342.2
;;mo-4,1;al(ohfip)4;304.2
;;n-1o[c12],2odoe,1,1;acsul;360.7
;;n-1o[11],2oh,1,1;acsul;307.4
;;im-2,1;ac;253.2
;;im-4,1;ac;253.2
;;im-4i,4i;ac;333.2
;;n-2;ac;360.2
;;n-2,2;ac;320.7
;;n-4,2,2,2;ac;300.9
;;n-4,4;ac;318.2
;;n-2oh;ac;202.2
;;n-2oh,2oh,2oh;ac;261.25
;;n-2o2oh;ac;212.4
;;n-2oh,1,1,1;ac;345.2
;;n-2o1,2,1,1;ac;309.3
;;n-2o1,2o1,1,1;ac;312.9
;;n-2o2,2o1,1,1;ac;304.3
;;n-2o2,2o2,1,1;ac;307.5
;;n-2o1,2o1;ac;279.1
;;pyr;ac;286.05
;;n-2;6ac;269.2
;;n-4;6ac;258.2
;;n-2oh;6ac;306.2
;;pyr;6ac;233.2
;;n-2oh;16ac;348.7
;;n-2oh,2oh;16ac;331.7
